,revenue,cost_of_goods_sold,gross_profit,r_and_d_expenses,sga_expenses,operating-expenses,operating-income,non_operating_income,pre-tax-income,income_taxes,income-after-taxes,operating_income,net-income,ebitda,ebit,basic-shares-outstanding,shares-outstanding,eps_basic,eps_diluted
2024-10-31,35082.00000,8926.00000,26156.00000,3390.00000,897.00000,4287.00000,21869.00000,447.00000,22316.00000,3007.00000,19309.00000,19309.00000,19309.00000,22347.00000,21869.00000,24533.00000,24774.00000,0.79000,0.78000
2024-07-31,30040.00000,7466.00000,22574.00000,3090.00000,842.00000,3932.00000,18642.00000,572.00000,19214.00000,2615.00000,16599.00000,16599.00000,16599.00000,19075.00000,18642.00000,24578.00000,24848.00000,0.68000,0.67000
2024-04-30,26044.00000,5638.00000,20406.00000,2720.00000,777.00000,3497.00000,16909.00000,370.00000,17279.00000,2398.00000,14881.00000,14881.00000,14881.00000,17319.00000,16909.00000,24620.00000,24890.00000,0.60400,0.59800
2024-01-31,22103.00000,5312.00000,16791.00000,2466.00000,710.00000,3176.00000,13615.00000,491.00000,14106.00000,1820.00000,12286.00000,12286.00000,12286.00000,14002.00000,13615.00000,24690.00000,24940.00000,0.50200,0.49100
2023-10-31,18120.00000,4720.00000,13400.00000,2294.00000,689.00000,2983.00000,10417.00000,105.00000,10522.00000,1279.00000,9243.00000,9243.00000,9243.00000,10789.00000,10417.00000,24680.00000,24940.00000,0.37000,0.37000
2023-07-31,13507.00000,4045.00000,9462.00000,2040.00000,622.00000,2662.00000,6800.00000,181.00000,6981.00000,793.00000,6188.00000,6188.00000,6188.00000,7165.00000,6800.00000,24729.00000,24994.00000,0.25000,0.25000
2023-04-30,7192.00000,2544.00000,4648.00000,1875.00000,633.00000,2508.00000,2140.00000,69.00000,2209.00000,166.00000,2043.00000,2043.00000,2043.00000,2524.00000,2140.00000,24700.00000,24900.00000,0.08300,0.08200
2023-01-31,6051.00000,2218.00000,3833.00000,1952.00000,625.00000,2577.00000,1256.00000,32.00000,1288.00000,-126.00000,1414.00000,1414.00000,1414.00000,1682.00000,1256.00000,24870.00000,25070.00000,0.05800,0.05700
2022-10-31,5931.00000,2754.00000,3177.00000,1945.00000,631.00000,2576.00000,601.00000,12.00000,613.00000,-67.00000,680.00000,680.00000,680.00000,1007.00000,601.00000,24830.00000,24990.00000,0.02700,0.02700
2022-07-31,6704.00000,3789.00000,2915.00000,1824.00000,592.00000,2416.00000,499.00000,-24.00000,475.00000,-181.00000,656.00000,656.00000,656.00000,877.00000,499.00000,24950.00000,25160.00000,0.02600,0.02600
2022-04-30,8288.00000,2857.00000,5431.00000,1618.00000,592.00000,3563.00000,1868.00000,-63.00000,1805.00000,187.00000,1618.00000,1618.00000,1618.00000,2202.00000,1868.00000,25060.00000,25370.00000,0.06500,0.06400
2022-01-31,7643.00000,2643.00000,5000.00000,1467.00000,563.00000,2030.00000,2970.00000,-105.00000,2865.00000,-137.00000,3002.00000,3002.00000,3002.00000,3279.00000,2970.00000,24960.00000,25350.00000,0.12000,0.11800
2021-10-31,7103.00000,2472.00000,4631.00000,1403.00000,557.00000,1960.00000,2671.00000,-33.00000,2638.00000,174.00000,2464.00000,2464.00000,2464.00000,2969.00000,2671.00000,24990.00000,25380.00000,0.09900,0.09700
2021-07-31,6507.00000,2292.00000,4215.00000,1245.00000,526.00000,1771.00000,2444.00000,-50.00000,2394.00000,20.00000,2374.00000,2374.00000,2374.00000,2730.00000,2444.00000,24930.00000,25320.00000,0.09500,0.09400
2021-04-30,5661.00000,2032.00000,3629.00000,1153.00000,520.00000,1673.00000,1956.00000,88.00000,2044.00000,132.00000,1912.00000,1912.00000,1912.00000,2237.00000,1956.00000,24840.00000,25280.00000,0.07700,0.07600
2021-01-31,5003.00000,1846.00000,3157.00000,1145.00000,505.00000,1650.00000,1507.00000,-36.00000,1471.00000,14.00000,1457.00000,1457.00000,1457.00000,1795.00000,1507.00000,24670.00000,25100.00000,0.05970,0.05830
2020-10-31,4726.00000,1766.00000,2960.00000,1047.00000,515.00000,1562.00000,1398.00000,-50.00000,1348.00000,12.00000,1336.00000,1336.00000,1336.00000,1697.00000,1398.00000,24720.00000,25200.00000,0.05400,0.05300
2020-07-31,3866.00000,1591.00000,2275.00000,997.00000,627.00000,1624.00000,651.00000,-42.00000,609.00000,-13.00000,622.00000,622.00000,622.00000,1055.00000,651.00000,24640.00000,25040.00000,0.02500,0.02500
2020-04-30,3080.00000,1076.00000,2004.00000,735.00000,293.00000,1028.00000,976.00000,5.00000,981.00000,64.00000,917.00000,917.00000,917.00000,1083.00000,976.00000,24560.00000,24880.00000,0.03730,0.03680
2020-01-31,3105.00000,1090.00000,2015.00000,739.00000,286.00000,1025.00000,990.00000,26.00000,1016.00000,65.00000,951.00000,951.00000,951.00000,1096.00000,990.00000,24390.00000,24720.00000,0.03920,0.03830
2019-10-31,3014.00000,1098.00000,1916.00000,712.00000,277.00000,989.00000,927.00000,32.00000,959.00000,60.00000,899.00000,899.00000,899.00000,1019.00000,927.00000,24400.00000,24720.00000,0.03680,0.03630
2019-07-31,2579.00000,1038.00000,1541.00000,704.00000,266.00000,970.00000,571.00000,35.00000,606.00000,54.00000,552.00000,552.00000,552.00000,663.00000,571.00000,24360.00000,24640.00000,0.02280,0.02250
2019-04-30,2220.00000,924.00000,1296.00000,674.00000,264.00000,938.00000,358.00000,31.00000,389.00000,-5.00000,394.00000,394.00000,394.00000,449.00000,358.00000,24280.00000,24640.00000,0.01630,0.01600
2019-01-31,2205.00000,998.00000,1207.00000,648.00000,265.00000,913.00000,294.00000,30.00000,324.00000,-242.00000,566.00000,566.00000,566.00000,372.00000,294.00000,24320.00000,25000.00000,0.02330,0.02300
2018-10-31,3181.00000,1260.00000,1921.00000,605.00000,258.00000,863.00000,1058.00000,23.00000,1081.00000,-149.00000,1230.00000,1230.00000,1230.00000,1126.00000,1058.00000,24360.00000,25000.00000,0.05050,0.04930
2018-07-31,3123.00000,1148.00000,1975.00000,581.00000,237.00000,818.00000,1157.00000,23.00000,1180.00000,79.00000,1101.00000,1101.00000,1101.00000,1216.00000,1157.00000,24280.00000,25040.00000,0.04530,0.04400
2018-04-30,3207.00000,1139.00000,2068.00000,542.00000,231.00000,773.00000,1295.00000,16.00000,1311.00000,67.00000,1244.00000,1244.00000,1244.00000,1352.00000,1295.00000,24240.00000,25080.00000,0.05130,0.04950
2018-01-31,2911.00000,1110.00000,1801.00000,508.00000,220.00000,728.00000,1073.00000,7.00000,1080.00000,-39.00000,1119.00000,1119.00000,1119.00000,1127.00000,1073.00000,23960.00000,25280.00000,0.04650,0.04450
2017-10-31,2636.00000,1067.00000,1569.00000,462.00000,212.00000,674.00000,895.00000,1.00000,896.00000,58.00000,838.00000,838.00000,838.00000,944.00000,895.00000,24120.00000,25120.00000,0.03480,0.03330
2017-07-31,2230.00000,928.00000,1302.00000,416.00000,198.00000,614.00000,688.00000,-4.00000,684.00000,101.00000,583.00000,583.00000,583.00000,737.00000,688.00000,23880.00000,25320.00000,0.02450,0.02300
2017-04-30,1937.00000,787.00000,1150.00000,411.00000,185.00000,596.00000,554.00000,-18.00000,536.00000,29.00000,507.00000,507.00000,507.00000,601.00000,554.00000,23680.00000,25640.00000,0.02150,0.01980
2017-01-31,2173.00000,870.00000,1303.00000,394.00000,176.00000,570.00000,733.00000,-7.00000,726.00000,71.00000,655.00000,655.00000,655.00000,760.00000,733.00000,21640.00000,25960.00000,0.02980,0.02450
2016-10-31,2004.00000,821.00000,1183.00000,373.00000,171.00000,544.00000,639.00000,-18.00000,621.00000,79.00000,542.00000,542.00000,542.00000,693.00000,639.00000,21520.00000,26120.00000,0.02530,0.02080
2016-07-31,1428.00000,602.00000,826.00000,350.00000,157.00000,509.00000,317.00000,,317.00000,56.00000,261.00000,261.00000,261.00000,370.00000,317.00000,21360.00000,25360.00000,0.01230,0.01030
2016-04-30,1305.00000,554.00000,751.00000,346.00000,159.00000,506.00000,245.00000,-4.00000,241.00000,33.00000,208.00000,208.00000,208.00000,298.00000,245.00000,21480.00000,23960.00000,0.00970,0.00880
2016-01-31,1401.00000,611.00000,790.00000,343.00000,163.00000,540.00000,250.00000,4.00000,254.00000,46.00000,208.00000,208.00000,208.00000,303.00000,250.00000,21720.00000,22760.00000,0.00980,0.00880
2015-10-31,1305.00000,571.00000,734.00000,329.00000,152.00000,489.00000,245.00000,,245.00000,-1.00000,246.00000,246.00000,246.00000,301.00000,245.00000,21680.00000,22600.00000,0.01130,0.01100
2015-07-31,1153.00000,519.00000,634.00000,320.00000,149.00000,558.00000,76.00000,-4.00000,72.00000,46.00000,26.00000,26.00000,26.00000,132.00000,76.00000,21640.00000,22240.00000,0.00130,0.00130
2015-04-30,1151.00000,498.00000,653.00000,339.00000,138.00000,477.00000,176.00000,-4.00000,172.00000,38.00000,134.00000,134.00000,134.00000,237.00000,176.00000,21960.00000,22720.00000,0.00600,0.00600
2015-01-31,1251.00000,551.00000,700.00000,349.00000,119.00000,468.00000,232.00000,-4.00000,228.00000,35.00000,193.00000,193.00000,193.00000,293.00000,232.00000,22080.00000,22520.00000,0.00880,0.00880
2014-10-31,1225.00000,549.00000,676.00000,340.00000,123.00000,463.00000,213.00000,-4.00000,209.00000,36.00000,173.00000,173.00000,173.00000,275.00000,213.00000,21920.00000,22320.00000,0.00800,0.00780
2014-07-31,1103.00000,484.00000,619.00000,337.00000,119.00000,456.00000,163.00000,-8.00000,155.00000,27.00000,128.00000,128.00000,128.00000,226.00000,163.00000,22320.00000,22840.00000,0.00580,0.00550
2014-04-30,1103.00000,499.00000,604.00000,334.00000,119.00000,453.00000,151.00000,12.00000,163.00000,26.00000,137.00000,137.00000,137.00000,213.00000,151.00000,22360.00000,22800.00000,0.00600,0.00600
2014-01-31,1144.05600,524.57700,619.47890,336.80700,115.97500,452.78200,166.69690,1.93700,168.63400,21.70700,146.92700,146.92700,146.92700,226.38690,166.69700,23520.00000,23800.00000,0.00650,0.00630
2013-10-31,1053.96700,469.55200,584.41500,340.29400,103.13300,443.42700,140.98800,0.49600,141.48400,22.75000,118.73400,118.73400,118.73400,203.71400,140.98800,23234.80000,23550.08000,0.00500,0.00500
2013-07-31,977.23800,431.70000,545.53800,331.73800,108.26600,440.00400,105.53400,6.28600,111.82000,15.37200,96.44800,96.44800,96.44800,167.37400,105.53400,23413.80000,23680.24000,0.00400,0.00400
2013-04-30,954.73900,436.17100,518.56800,327.16100,108.62600,435.78700,82.78100,5.28100,88.06200,10.17100,77.89100,77.89100,77.89100,142.52500,82.78100,24674.88000,24772.08000,0.00330,0.00330
2013-01-31,1106.90200,521.29990,585.60250,298.00700,104.02200,402.02900,183.57350,2.53500,186.10800,12.13500,173.97300,173.97300,173.97300,241.97450,183.57330,24772.96000,24998.28000,0.00700,0.00700
2012-10-31,1204.11000,567.45200,636.65800,284.18000,100.26100,384.44100,252.21700,1.41100,253.62800,44.54800,209.08000,209.08000,209.08000,309.36500,252.21700,24894.08000,25153.80000,0.00850,0.00830
2012-07-31,1044.27000,503.55100,540.71900,281.19300,119.90300,401.09600,139.62300,5.58500,145.20800,26.16200,119.04600,119.04600,119.04600,195.81800,139.62300,24759.84000,24925.72000,0.00480,0.00480
2012-04-30,924.87700,461.51300,463.36400,283.90200,106.63600,390.53800,72.82600,4.26900,77.09500,16.65800,60.43700,60.43700,60.43700,127.31700,72.82600,24631.20000,24951.44000,0.00250,0.00250
2012-01-31,953.19390,463.18090,490.01300,266.86200,100.83400,367.69610,122.31700,2.26000,124.57700,8.55200,116.02500,116.02500,116.02500,174.21200,122.31670,24145.84000,24654.84000,0.00480,0.00450
2011-10-31,1066.18000,509.46300,556.71700,256.49800,103.12900,359.62700,197.09010,7.69700,204.78700,26.51400,178.27300,178.27300,178.27300,249.47710,197.09010,24282.52000,24542.40000,0.00730,0.00730
2011-07-31,1016.51700,491.23300,525.28410,247.72100,103.53300,351.25400,174.03000,3.51700,177.54700,25.97400,151.57300,151.57300,151.57300,226.18900,174.03000,24053.60000,24557.36000,0.00630,0.00630
2011-04-30,962.03900,477.53600,484.50300,231.52400,98.11700,329.64100,154.86200,1.62300,156.48500,21.26600,135.21900,135.21900,135.21900,202.62600,154.86200,23792.08000,24538.96000,0.00580,0.00550
2011-01-31,886.37600,460.01700,426.35890,215.56300,88.01800,246.58110,179.77780,6.12800,185.90600,14.25500,171.65100,171.65100,171.65100,226.17080,179.77810,23007.08000,23547.36000,0.00750,0.00750
2010-10-31,843.91200,451.85000,392.06200,204.52700,83.75200,288.27900,103.78300,-0.19800,103.58500,18.72300,84.86200,84.86200,84.86200,150.65900,103.78300,23092.92000,23305.92000,0.00380,0.00380
2010-07-31,811.20800,676.91600,134.29200,210.63500,98.86400,309.49900,-175.20700,6.16000,-169.04700,-28.08600,-140.96100,-140.96100,-140.96100,-128.63400,-175.20700,22910.56000,22910.56000,-0.00630,-0.00630
2010-04-30,1001.81300,545.43600,456.37700,218.10500,90.87900,308.98390,147.39310,3.33200,150.72500,13.13100,137.59400,137.59400,137.59400,194.54010,147.39310,22687.32000,23639.88000,0.00600,0.00580
2010-01-31,982.48800,543.76700,438.72100,216.25100,88.18800,304.43930,134.28170,5.13900,139.42100,8.34500,131.07600,131.07600,131.07600,182.19570,134.28190,21982.96000,21982.96000,0.00600,0.00630
2009-10-31,903.20600,511.42300,391.78300,197.94800,85.99000,283.93800,107.84500,2.36200,110.20700,2.63000,107.57700,107.57700,107.57700,156.61500,107.84500,22051.32000,22975.24000,0.00500,0.00480
2009-07-31,776.52000,619.79700,156.72300,192.85500,73.97500,266.83000,-110.10690,3.00600,-107.10100,-1.79900,-105.30200,-105.30200,-105.30200,-60.78490,-110.10690,21865.56000,21865.56000,-0.00480,-0.00480
2009-04-30,664.23100,474.53500,189.69600,301.79700,118.86400,420.66100,-230.96500,6.14400,-224.82100,-23.48300,-201.33800,-201.33800,-201.33800,-180.30700,-230.96500,21692.28000,21692.28000,-0.00930,-0.00930
2009-01-31,481.13990,339.47410,141.66580,211.77900,86.44000,316.74910,-175.08330,4.70800,-170.37500,-22.71000,-147.66500,-147.66500,-147.66500,-127.02830,-175.08320,21925.04000,21925.04000,-0.00650,-0.00600
